BusinessEntityID;Name;SalesPersonID;Demographics;rowguid;ModifiedDate
292;Next-Door Bike Store;279;<StoreSurvey xmlns="http://schemas.microsoft.com/sqlserver/2004/07/adventure-works/StoreSurvey"><AnnualSales>800000</AnnualSales><AnnualRevenue>80000</AnnualRevenue><BankName>United Security</BankName><BusinessType>BM</BusinessType><YearOpened>1996</YearOpened><Specialty>Mountain</Specialty><SquareFeet>21000</SquareFeet><Brands>2</Brands><Internet>ISDN</Internet><NumberEmployees>13</NumberEmployees></StoreSurvey>;{A22517E3-848D-4EBE-B9D9-7437F3432304};2014-09-12 11:15:07.497000000
294;Professional Sales and Service;276;<StoreSurvey xmlns="http://schemas.microsoft.com/sqlserver/2004/07/adventure-works/StoreSurvey"><AnnualSales>800000</AnnualSales><AnnualRevenue>80000</AnnualRevenue><BankName>International Bank</BankName><BusinessType>BM</BusinessType><YearOpened>1991</YearOpened><Specialty>Touring</Specialty><SquareFeet>18000</SquareFeet><Brands>4+</Brands><Internet>T1</Internet><NumberEmployees>14</NumberEmployees></StoreSurvey>;{B50CA50B-C601-4A13-B07E-2C63862D71B4};2014-09-12 11:15:07.497000000
296;Riders Company;277;<StoreSurvey xmlns="http://schemas.microsoft.com/sqlserver/2004/07/adventure-works/StoreSurvey"><AnnualSales>800000</AnnualSales><AnnualRevenue>80000</AnnualRevenue><BankName>Primary Bank &amp; Reserve</BankName><BusinessType>BM</BusinessType><YearOpened>1999</YearOpened><Specialty>Road</Specialty><SquareFeet>21000</SquareFeet><Brands>2</Brands><Internet>DSL</Internet><NumberEmployees>15</NumberEmployees></StoreSurvey>;{337C3688-1339-4E1A-A08A-B54B23566E49};2014-09-12 11:15:07.497000000
298;The Bike Mechanics;275;<StoreSurvey xmlns="http://schemas.microsoft.com/sqlserver/2004/07/adventure-works/StoreSurvey"><AnnualSales>800000</AnnualSales><AnnualRevenue>80000</AnnualRevenue><BankName>International Security</BankName><BusinessType>BM</BusinessType><YearOpened>1994</YearOpened><Specialty>Mountain</Specialty><SquareFeet>18000</SquareFeet><Brands>2</Brands><Internet>DSL</Internet><NumberEmployees>16</NumberEmployees></StoreSurvey>;{7894F278-F0C8-4D16-BD75-213FDBF13023};2014-09-12 11:15:07.497000000
300;Nationwide Supply;286;<StoreSurvey xmlns="http://schemas.microsoft.com/sqlserver/2004/07/adventure-works/StoreSurvey"><AnnualSales>800000</AnnualSales><AnnualRevenue>80000</AnnualRevenue><BankName>Guardian Bank</BankName><BusinessType>BM</BusinessType><YearOpened>1987</YearOpened><Specialty>Touring</Specialty><SquareFeet>21000</SquareFeet><Brands>4+</Brands><Internet>DSL</Internet><NumberEmployees>17</NumberEmployees></StoreSurvey>;{C3FC9705-A8C4-4F3A-9550-EB2FA4B7B64D};2014-09-12 11:15:07.497000000
302;Area Bike Accessories;281;<StoreSurvey xmlns="http://schemas.microsoft.com/sqlserver/2004/07/adventure-works/StoreSurvey"><AnnualSales>300000</AnnualSales><AnnualRevenue>30000</AnnualRevenue><BankName>International Bank</BankName><BusinessType>BM</BusinessType><YearOpened>1982</YearOpened><Specialty>Road</Specialty><SquareFeet>9000</SquareFeet><Brands>AW</Brands><Internet>T2</Internet><NumberEmployees>8</NumberEmployees></StoreSurvey>;{368BE6DD-30E5-49BB-9A86-71FD49C58F4E};2014-09-12 11:15:07.497000000
304;Bicycle Accessories and Kits;283;<StoreSurvey xmlns="http://schemas.microsoft.com/sqlserver/2004/07/adventure-works/StoreSurvey"><AnnualSales>300000</AnnualSales><AnnualRevenue>30000</AnnualRevenue><BankName>Primary Bank &amp; Reserve</BankName><BusinessType>BM</BusinessType><YearOpened>1990</YearOpened><Specialty>Mountain</Specialty><SquareFeet>7000</SquareFeet><Brands>AW</Brands><Internet>T1</Internet><NumberEmployees>9</NumberEmployees></StoreSurvey>;{35F40636-5105-49D5-869E-27E231189150};2014-09-12 11:15:07.497000000
306;Clamps & Brackets Co.;275;<StoreSurvey xmlns="http://schemas.microsoft.com/sqlserver/2004/07/adventure-works/StoreSurvey"><AnnualSales>800000</AnnualSales><AnnualRevenue>80000</AnnualRevenue><BankName>International Security</BankName><BusinessType>BM</BusinessType><YearOpened>1985</YearOpened><Specialty>Mountain</Specialty><SquareFeet>17000</SquareFeet><Brands>4+</Brands><Internet>DSL</Internet><NumberEmployees>10</NumberEmployees></StoreSurvey>;{64D06BFC-D060-405C-8C60-C067FE7C67DF};2014-09-12 11:15:07.497000000
308;Valley Bicycle Specialists;277;<StoreSurvey xmlns="http://schemas.microsoft.com/sqlserver/2004/07/adventure-works/StoreSurvey"><AnnualSales>3000000</AnnualSales><AnnualRevenue>300000</AnnualRevenue><BankName>Primary Bank &amp; Reserve</BankName><BusinessType>OS</BusinessType><YearOpened>1979</YearOpened><Specialty>Mountain</Specialty><SquareFeet>72000</SquareFeet><Brands>4+</Brands><Internet>DSL</Internet><NumberEmployees>66</NumberEmployees></StoreSurvey>;{59386B0C-652E-4668-B44B-4E1711793330};2014-09-12 11:15:07.497000000
310;New Bikes Company;279;<StoreSurvey xmlns="http://schemas.microsoft.com/sqlserver/2004/07/adventure-works/StoreSurvey"><AnnualSales>1500000</AnnualSales><AnnualRevenue>150000</AnnualRevenue><BankName>International Security</BankName><BusinessType>OS</BusinessType><YearOpened>1974</YearOpened><Specialty>Road</Specialty><SquareFeet>39000</SquareFeet><Brands>4+</Brands><Internet>T1</Internet><NumberEmployees>40</NumberEmployees></StoreSurvey>;{47E4B6BD-5CD1-45A3-A231-79D930381C56};2014-09-12 11:15:07.497000000
312;Vinyl and Plastic Goods Corporation;282;<StoreSurvey xmlns="http://schemas.microsoft.com/sqlserver/2004/07/adventure-works/StoreSurvey"><AnnualSales>1500000</AnnualSales><AnnualRevenue>150000</AnnualRevenue><BankName>Primary Bank &amp; Reserve</BankName><BusinessType>OS</BusinessType><YearOpened>1980</YearOpened><Specialty>Mountain</Specialty><SquareFeet>41000</SquareFeet><Brands>4+</Brands><Internet>DSL</Internet><NumberEmployees>43</NumberEmployees></StoreSurvey>;{DC610525-E373-49B1-B786-EA040EC25C06};2014-09-12 11:15:07.497000000
314;Top of the Line Bikes;288;<StoreSurvey xmlns="http://schemas.microsoft.com/sqlserver/2004/07/adventure-works/StoreSurvey"><AnnualSales>1500000</AnnualSales><AnnualRevenue>150000</AnnualRevenue><BankName>International Bank</BankName><BusinessType>OS</BusinessType><YearOpened>1986</YearOpened><Specialty>Touring</Specialty><SquareFeet>40000</SquareFeet><Brands>4+</Brands><Internet>DSL</Internet><NumberEmployees>46</NumberEmployees></StoreSurvey>;{E290E93F-A980-4BA3-86C3-9858F15C8A6D};2014-09-12 11:15:07.497000000
316;Fun Toys and Bikes;281;<StoreSurvey xmlns="http://schemas.microsoft.com/sqlserver/2004/07/adventure-works/StoreSurvey"><AnnualSales>300000</AnnualSales><AnnualRevenue>30000</AnnualRevenue><BankName>Primary Bank &amp; Reserve</BankName><BusinessType>BM</BusinessType><YearOpened>1973</YearOpened><Specialty>Touring</Specialty><SquareFeet>6000</SquareFeet><Brands>2</Brands><Internet>DSL</Internet><NumberEmployees>2</NumberEmployees></StoreSurvey>;{6CDCF941-4192-49C7-994A-5ADBA534E095};2014-09-12 11:15:07.497000000
318;Great Bikes ;283;<StoreSurvey xmlns="http://schemas.microsoft.com/sqlserver/2004/07/adventure-works/StoreSurvey"><AnnualSales>300000</AnnualSales><AnnualRevenue>30000</AnnualRevenue><BankName>International Security</BankName><BusinessType>BM</BusinessType><YearOpened>1981</YearOpened><Specialty>Mountain</Specialty><SquareFeet>10000</SquareFeet><Brands>4+</Brands><Internet>T3</Internet><NumberEmployees>3</NumberEmployees></StoreSurvey>;{956FBC35-5E0D-4175-8045-E0BE380BA340};2014-09-12 11:15:07.497000000
320;Metropolitan Sales and Rental;275;<StoreSurvey xmlns="http://schemas.microsoft.com/sqlserver/2004/07/adventure-works/StoreSurvey"><AnnualSales>300000</AnnualSales><AnnualRevenue>30000</AnnualRevenue><BankName>Guardian Bank</BankName><BusinessType>BM</BusinessType><YearOpened>1976</YearOpened><Specialty>Road</Specialty><SquareFeet>6000</SquareFeet><Brands>AW</Brands><Internet>T1</Internet><NumberEmployees>4</NumberEmployees></StoreSurvey>;{0CB4FEF2-5047-40F7-8848-B59F7A3F3EEC};2014-09-12 11:15:07.497000000
322;Irregulars Outlet;288;<StoreSurvey xmlns="http://schemas.microsoft.com/sqlserver/2004/07/adventure-works/StoreSurvey"><AnnualSales>300000</AnnualSales><AnnualRevenue>30000</AnnualRevenue><BankName>Primary International</BankName><BusinessType>BM</BusinessType><YearOpened>1984</YearOpened><Specialty>Mountain</Specialty><SquareFeet>7000</SquareFeet><Brands>AW</Brands><Internet>DSL</Internet><NumberEmployees>5</NumberEmployees></StoreSurvey>;{CDE66279-83D8-4340-A83C-E86E15514AC4};2014-09-12 11:15:07.497000000
324;Valley Toy Store;282;<StoreSurvey xmlns="http://schemas.microsoft.com/sqlserver/2004/07/adventure-works/StoreSurvey"><AnnualSales>300000</AnnualSales><AnnualRevenue>30000</AnnualRevenue><BankName>Reserve Security</BankName><BusinessType>BM</BusinessType><YearOpened>1979</YearOpened><Specialty>Mountain</Specialty><SquareFeet>9000</SquareFeet><Brands>2</Brands><Internet>T1</Internet><NumberEmployees>6</NumberEmployees></StoreSurvey>;{6A1BEA56-DCB7-45CF-8C92-3705E12EB2AA};2014-09-12 11:15:07.497000000
326;Worthwhile Activity Store;279;<StoreSurvey xmlns="http://schemas.microsoft.com/sqlserver/2004/07/adventure-works/StoreSurvey"><AnnualSales>300000</AnnualSales><AnnualRevenue>30000</AnnualRevenue><BankName>United Security</BankName><BusinessType>BM</BusinessType><YearOpened>1987</YearOpened><Specialty>Mountain</Specialty><SquareFeet>8000</SquareFeet><Brands>2</Brands><Internet>DSL</Internet><NumberEmployees>7</NumberEmployees></StoreSurvey>;{BAD63717-99BD-4581-8160-0F1723BE42CB};2014-09-12 11:15:07.497000000
328;Purchase Mart;275;<StoreSurvey xmlns="http://schemas.microsoft.com/sqlserver/2004/07/adventure-works/StoreSurvey"><AnnualSales>1500000</AnnualSales><AnnualRevenue>150000</AnnualRevenue><BankName>United Security</BankName><BusinessType>OS</BusinessType><YearOpened>1992</YearOpened><Specialty>Touring</Specialty><SquareFeet>38000</SquareFeet><Brands>3</Brands><Internet>ISDN</Internet><NumberEmployees>49</NumberEmployees></StoreSurvey>;{A3140349-57A3-46AA-BF32-D7F4753A06D6};2014-09-12 11:15:07.497000000
330;Major Sport Suppliers;283;<StoreSurvey xmlns="http://schemas.microsoft.com/sqlserver/2004/07/adventure-works/StoreSurvey"><AnnualSales>3000000</AnnualSales><AnnualRevenue>300000</AnnualRevenue><BankName>Reserve Security</BankName><BusinessType>OS</BusinessType><YearOpened>1998</YearOpened><Specialty>Mountain</Specialty><SquareFeet>68000</SquareFeet><Brands>3</Brands><Internet>DSL</Internet><NumberEmployees>52</NumberEmployees></StoreSurvey>;{3B5F8572-43B0-42F5-86FF-E379D0769F28};2014-09-12 11:15:07.497000000
332;Family's Favorite Bike Shop;278;<StoreSurvey xmlns="http://schemas.microsoft.com/sqlserver/2004/07/adventure-works/StoreSurvey"><AnnualSales>800000</AnnualSales><AnnualRevenue>80000</AnnualRevenue><BankName>Primary International</BankName><BusinessType>BM</BusinessType><YearOpened>1997</YearOpened><Specialty>Mountain</Specialty><SquareFeet>21000</SquareFeet><Brands>3</Brands><Internet>ISDN</Internet><NumberEmployees>18</NumberEmployees></StoreSurvey>;{712DF7B6-A6E4-4059-A1B8-6D39A80AB712};2014-09-12 11:15:07.497000000
334;Global Plaza;279;<StoreSurvey xmlns="http://schemas.microsoft.com/sqlserver/2004/07/adventure-works/StoreSurvey"><AnnualSales>800000</AnnualSales><AnnualRevenue>80000</AnnualRevenue><BankName>Reserve Security</BankName><BusinessType>BM</BusinessType><YearOpened>1975</YearOpened><Specialty>Mountain</Specialty><SquareFeet>19000</SquareFeet><Brands>3</Brands><Internet>DSL</Internet><NumberEmployees>19</NumberEmployees></StoreSurvey>;{9A1E91D8-509B-4D96-BD77-7427C7F0C47B};2014-09-12 11:15:07.497000000
336;Imported and Domestic Cycles;276;<StoreSurvey xmlns="http://schemas.microsoft.com/sqlserver/2004/07/adventure-works/StoreSurvey"><AnnualSales>1000000</AnnualSales><AnnualRevenue>100000</AnnualRevenue><BankName>United Security</BankName><BusinessType>BM</BusinessType><YearOpened>2000</YearOpened><Specialty>Road</Specialty><SquareFeet>24000</SquareFeet><Brands>2</Brands><Internet>T1</Internet><NumberEmployees>20</NumberEmployees></StoreSurvey>;{25C229C0-4E7A-42D2-ACB1-A2118361B2F1};2014-09-12 11:15:07.497000000
338;Systematic Sales;281;<StoreSurvey xmlns="http://schemas.microsoft.com/sqlserver/2004/07/adventure-works/StoreSurvey"><AnnualSales>3000000</AnnualSales><AnnualRevenue>300000</AnnualRevenue><BankName>Primary International</BankName><BusinessType>OS</BusinessType><YearOpened>1999</YearOpened><Specialty>Touring</Specialty><SquareFeet>73000</SquareFeet><Brands>4+</Brands><Internet>DSL</Internet><NumberEmployees>55</NumberEmployees></StoreSurvey>;{DF9126A5-9C95-44A2-A31F-F759EA33EEA7};2014-09-12 11:15:07.497000000
340;eCommerce Bikes;279;<StoreSurvey xmlns="http://schemas.microsoft.com/sqlserver/2004/07/adventure-works/StoreSurvey"><AnnualSales>3000000</AnnualSales><AnnualRevenue>300000</AnnualRevenue><BankName>Guardian Bank</BankName><BusinessType>OS</BusinessType><YearOpened>1999</YearOpened><Specialty>Mountain</Specialty><SquareFeet>69000</SquareFeet><Brands>2</Brands><Internet>DSL</Internet><NumberEmployees>58</NumberEmployees></StoreSurvey>;{1EC47823-4B39-4609-AAEC-6EE68CC74F81};2014-09-12 11:15:07.497000000
342;Mountain Toy Store;277;<StoreSurvey xmlns="http://schemas.microsoft.com/sqlserver/2004/07/adventure-works/StoreSurvey"><AnnualSales>800000</AnnualSales><AnnualRevenue>80000</AnnualRevenue><BankName>International Bank</BankName><BusinessType>BM</BusinessType><YearOpened>2000</YearOpened><Specialty>Road</Specialty><SquareFeet>18000</SquareFeet><Brands>4+</Brands><Internet>DSL</Internet><NumberEmployees>17</NumberEmployees></StoreSurvey>;{52EFC841-97C5-4AC1-B707-FA3717B0BC48};2014-09-12 11:15:07.497000000
344;Retail Sales and Service;275;<StoreSurvey xmlns="http://schemas.microsoft.com/sqlserver/2004/07/adventure-works/StoreSurvey"><AnnualSales>800000</AnnualSales><AnnualRevenue>80000</AnnualRevenue><BankName>Primary Bank &amp; Reserve</BankName><BusinessType>BM</BusinessType><YearOpened>1994</YearOpened><Specialty>Road</Specialty><SquareFeet>18000</SquareFeet><Brands>2</Brands><Internet>DSL</Internet><NumberEmployees>14</NumberEmployees></StoreSurvey>;{38F9BE1B-9137-4E4E-985D-06F6C5E02330};2014-09-12 11:15:07.497000000
346;Designated Distributors;282;<StoreSurvey xmlns="http://schemas.microsoft.com/sqlserver/2004/07/adventure-works/StoreSurvey"><AnnualSales>3000000</AnnualSales><AnnualRevenue>300000</AnnualRevenue><BankName>International Security</BankName><BusinessType>OS</BusinessType><YearOpened>1979</YearOpened><Specialty>Road</Specialty><SquareFeet>72000</SquareFeet><Brands>4+</Brands><Internet>T2</Internet><NumberEmployees>61</NumberEmployees></StoreSurvey>;{5DC17A1C-F618-4B6E-BEA2-BFF96CA6BA8B};2014-09-12 11:15:07.497000000
348;Bold Bike Accessories;276;<StoreSurvey xmlns="http://schemas.microsoft.com/sqlserver/2004/07/adventure-works/StoreSurvey"><AnnualSales>3000000</AnnualSales><AnnualRevenue>300000</AnnualRevenue><BankName>Primary Bank &amp; Reserve</BankName><BusinessType>OS</BusinessType><YearOpened>1999</YearOpened><Specialty>Mountain</Specialty><SquareFeet>72000</SquareFeet><Brands>4+</Brands><Internet>DSL</Internet><NumberEmployees>58</NumberEmployees></StoreSurvey>;{AC7A83F1-196B-4BBF-A6E0-3165D4C84454};2014-09-12 11:15:07.497000000
350;Twin Cycles;286;<StoreSurvey xmlns="http://schemas.microsoft.com/sqlserver/2004/07/adventure-works/StoreSurvey"><AnnualSales>800000</AnnualSales><AnnualRevenue>80000</AnnualRevenue><BankName>International Security</BankName><BusinessType>BM</BusinessType><YearOpened>1988</YearOpened><Specialty>Touring</Specialty><SquareFeet>21000</SquareFeet><Brands>AW</Brands><Internet>T1</Internet><NumberEmployees>11</NumberEmployees></StoreSurvey>;{4E917578-1942-4BAB-8E63-932052FDACEC};2014-09-12 11:15:07.497000000
352;Tiny Bike Boutique;279;<StoreSurvey xmlns="http://schemas.microsoft.com/sqlserver/2004/07/adventure-works/StoreSurvey"><AnnualSales>300000</AnnualSales><AnnualRevenue>30000</AnnualRevenue><BankName>International Bank</BankName><BusinessType>BM</BusinessType><YearOpened>1978</YearOpened><Specialty>Road</Specialty><SquareFeet>6000</SquareFeet><Brands>4+</Brands><Internet>DSL</Internet><NumberEmployees>4</NumberEmployees></StoreSurvey>;{1D65DD5A-A7C8-4AC1-A2B6-76AD4A5946BD};2014-09-12 11:15:07.497000000
354;Acclaimed Bicycle Company;279;<StoreSurvey xmlns="http://schemas.microsoft.com/sqlserver/2004/07/adventure-works/StoreSurvey"><AnnualSales>3000000</AnnualSales><AnnualRevenue>300000</AnnualRevenue><BankName>International Bank</BankName><BusinessType>OS</BusinessType><YearOpened>1979</YearOpened><Specialty>Touring</Specialty><SquareFeet>73000</SquareFeet><Brands>3</Brands><Internet>DSL</Internet><NumberEmployees>61</NumberEmployees></StoreSurvey>;{E71AC59C-B228-49F2-ACC2-077AA5DFC9DB};2014-09-12 11:15:07.497000000
356;Serious Cycles;278;<StoreSurvey xmlns="http://schemas.microsoft.com/sqlserver/2004/07/adventure-works/StoreSurvey"><AnnualSales>3000000</AnnualSales><AnnualRevenue>300000</AnnualRevenue><BankName>United Security</BankName><BusinessType>OS</BusinessType><YearOpened>1996</YearOpened><Specialty>Mountain</Specialty><SquareFeet>71000</SquareFeet><Brands>4+</Brands><Internet>ISDN</Internet><NumberEmployees>64</NumberEmployees></StoreSurvey>;{8036D3B1-1C8D-43BF-B913-D17EE0D755AF};2014-09-12 11:15:07.497000000
358;Quality Bike Sales;286;<StoreSurvey xmlns="http://schemas.microsoft.com/sqlserver/2004/07/adventure-works/StoreSurvey"><AnnualSales>3000000</AnnualSales><AnnualRevenue>300000</AnnualRevenue><BankName>Reserve Security</BankName><BusinessType>OS</BusinessType><YearOpened>1991</YearOpened><Specialty>Touring</Specialty><SquareFeet>74000</SquareFeet><Brands>3</Brands><Internet>DSL</Internet><NumberEmployees>67</NumberEmployees></StoreSurvey>;{55EC3545-A751-4A37-944E-B5DF36219E11};2014-09-12 11:15:07.497000000
360;Novelty Bikes;275;<StoreSurvey xmlns="http://schemas.microsoft.com/sqlserver/2004/07/adventure-works/StoreSurvey"><AnnualSales>3000000</AnnualSales><AnnualRevenue>300000</AnnualRevenue><BankName>Primary International</BankName><BusinessType>OS</BusinessType><YearOpened>1993</YearOpened><Specialty>Touring</Specialty><SquareFeet>74000</SquareFeet><Brands>4+</Brands><Internet>ISDN</Internet><NumberEmployees>70</NumberEmployees></StoreSurvey>;{CD239474-966C-4474-97A9-25D52289ED52};2014-09-12 11:15:07.497000000
362;Distinctive Cycles Sales & Service;279;<StoreSurvey xmlns="http://schemas.microsoft.com/sqlserver/2004/07/adventure-works/StoreSurvey"><AnnualSales>3000000</AnnualSales><AnnualRevenue>300000</AnnualRevenue><BankName>Primary Bank &amp; Reserve</BankName><BusinessType>OS</BusinessType><YearOpened>1995</YearOpened><Specialty>Mountain</Specialty><SquareFeet>75000</SquareFeet><Brands>3</Brands><Internet>DSL</Internet><NumberEmployees>79</NumberEmployees></StoreSurvey>;{7E5DA4C4-23B4-4BD2-8037-B2BE46E41C83};2014-09-12 11:15:07.497000000
364;Leading Bike Distributors;279;<StoreSurvey xmlns="http://schemas.microsoft.com/sqlserver/2004/07/adventure-works/StoreSurvey"><AnnualSales>800000</AnnualSales><AnnualRevenue>80000</AnnualRevenue><BankName>Reserve Security</BankName><BusinessType>BS</BusinessType><YearOpened>1978</YearOpened><Specialty>Road</Specialty><SquareFeet>18000</SquareFeet><Brands>3</Brands><Internet>T1</Internet><NumberEmployees>13</NumberEmployees></StoreSurvey>;{0C0B95FD-1934-4DD9-BC1C-8C1E2BF07EBC};2014-09-12 11:15:07.497000000
366;Activity Center;279;<StoreSurvey xmlns="http://schemas.microsoft.com/sqlserver/2004/07/adventure-works/StoreSurvey"><AnnualSales>1500000</AnnualSales><AnnualRevenue>150000</AnnualRevenue><BankName>Primary Bank &amp; Reserve</BankName><BusinessType>BS</BusinessType><YearOpened>1971</YearOpened><Specialty>Road</Specialty><SquareFeet>37000</SquareFeet><Brands>3</Brands><Internet>DSL</Internet><NumberEmployees>37</NumberEmployees></StoreSurvey>;{F579E604-B602-4D67-AB88-130DF07753F0};2014-09-12 11:15:07.497000000
368;Brightwork Company;281;<StoreSurvey xmlns="http://schemas.microsoft.com/sqlserver/2004/07/adventure-works/StoreSurvey"><AnnualSales>1500000</AnnualSales><AnnualRevenue>150000</AnnualRevenue><BankName>International Security</BankName><BusinessType>BS</BusinessType><YearOpened>1979</YearOpened><Specialty>Mountain</Specialty><SquareFeet>36000</SquareFeet><Brands>4+</Brands><Internet>ISDN</Internet><NumberEmployees>38</NumberEmployees></StoreSurvey>;{6F4273AE-583C-4219-9E0B-2F3CD44A4000};2014-09-12 11:15:07.497000000
370;Resale Services;276;<StoreSurvey xmlns="http://schemas.microsoft.com/sqlserver/2004/07/adventure-works/StoreSurvey"><AnnualSales>800000</AnnualSales><AnnualRevenue>80000</AnnualRevenue><BankName>United Security</BankName><BusinessType>BM</BusinessType><YearOpened>1988</YearOpened><Specialty>Mountain</Specialty><SquareFeet>21000</SquareFeet><Brands>2</Brands><Internet>DSL</Internet><NumberEmployees>16</NumberEmployees></StoreSurvey>;{7C7076C8-2AB9-4810-BBCA-B126FC811E32};2014-09-12 11:15:07.497000000
372;The Gear Store;277;<StoreSurvey xmlns="http://schemas.microsoft.com/sqlserver/2004/07/adventure-works/StoreSurvey"><AnnualSales>800000</AnnualSales><AnnualRevenue>80000</AnnualRevenue><BankName>International Bank</BankName><BusinessType>BM</BusinessType><YearOpened>1982</YearOpened><Specialty>Mountain</Specialty><SquareFeet>21000</SquareFeet><Brands>2</Brands><Internet>DSL</Internet><NumberEmployees>14</NumberEmployees></StoreSurvey>;{03E77D8A-62B6-41EE-B081-7EC3E60C9A3E};2014-09-12 11:15:07.497000000
374;Immense Manufacturing Company;277;<StoreSurvey xmlns="http://schemas.microsoft.com/sqlserver/2004/07/adventure-works/StoreSurvey"><AnnualSales>3000000</AnnualSales><AnnualRevenue>300000</AnnualRevenue><BankName>Guardian Bank</BankName><BusinessType>OS</BusinessType><YearOpened>1998</YearOpened><Specialty>Touring</Specialty><SquareFeet>76000</SquareFeet><Brands>4+</Brands><Internet>DSL</Internet><NumberEmployees>73</NumberEmployees></StoreSurvey>;{F948F121-09C9-46D4-A783-63EAD859A044};2014-09-12 11:15:07.497000000
376;Extended Bike Sales;276;<StoreSurvey xmlns="http://schemas.microsoft.com/sqlserver/2004/07/adventure-works/StoreSurvey"><AnnualSales>3000000</AnnualSales><AnnualRevenue>300000</AnnualRevenue><BankName>International Security</BankName><BusinessType>OS</BusinessType><YearOpened>1990</YearOpened><Specialty>Mountain</Specialty><SquareFeet>73000</SquareFeet><Brands>4+</Brands><Internet>DSL</Internet><NumberEmployees>76</NumberEmployees></StoreSurvey>;{9E550241-B6CB-4E95-96A2-F3BEF46016DF};2014-09-12 11:15:07.497000000
378;Pedaling Components;288;<StoreSurvey xmlns="http://schemas.microsoft.com/sqlserver/2004/07/adventure-works/StoreSurvey"><AnnualSales>1500000</AnnualSales><AnnualRevenue>150000</AnnualRevenue><BankName>United Security</BankName><BusinessType>BS</BusinessType><YearOpened>1988</YearOpened><Specialty>Touring</Specialty><SquareFeet>36000</SquareFeet><Brands>4+</Brands><Internet>DSL</Internet><NumberEmployees>35</NumberEmployees></StoreSurvey>;{24DD7AF1-D347-44CB-96FA-14B9CE5C83A8};2014-09-12 11:15:07.497000000
380;Workout Emporium;282;<StoreSurvey xmlns="http://schemas.microsoft.com/sqlserver/2004/07/adventure-works/StoreSurvey"><AnnualSales>1500000</AnnualSales><AnnualRevenue>150000</AnnualRevenue><BankName>International Bank</BankName><BusinessType>BS</BusinessType><YearOpened>1976</YearOpened><Specialty>Touring</Specialty><SquareFeet>39000</SquareFeet><Brands>4+</Brands><Internet>T1</Internet><NumberEmployees>36</NumberEmployees></StoreSurvey>;{649DB09E-3AA4-4275-880C-7853B3395E51};2014-09-12 11:15:07.497000000
382;Work and Play Association;275;<StoreSurvey xmlns="http://schemas.microsoft.com/sqlserver/2004/07/adventure-works/StoreSurvey"><AnnualSales>800000</AnnualSales><AnnualRevenue>80000</AnnualRevenue><BankName>Primary Bank &amp; Reserve</BankName><BusinessType>BM</BusinessType><YearOpened>1976</YearOpened><Specialty>Road</Specialty><SquareFeet>22000</SquareFeet><Brands>4+</Brands><Internet>DSL</Internet><NumberEmployees>12</NumberEmployees></StoreSurvey>;{E5353DA7-CB02-4C26-ACD3-1C42050D4BB9};2014-09-12 11:15:07.497000000
384;Seaside Bike Works;286;<StoreSurvey xmlns="http://schemas.microsoft.com/sqlserver/2004/07/adventure-works/StoreSurvey"><AnnualSales>800000</AnnualSales><AnnualRevenue>80000</AnnualRevenue><BankName>International Security</BankName><BusinessType>BM</BusinessType><YearOpened>1970</YearOpened><Specialty>Touring</Specialty><SquareFeet>19000</SquareFeet><Brands>3</Brands><Internet>T1</Internet><NumberEmployees>10</NumberEmployees></StoreSurvey>;{4C85C347-C9C0-4E6D-B290-19970F0ADEA0};2014-09-12 11:15:07.497000000
386;Nice Bikes;278;<StoreSurvey xmlns="http://schemas.microsoft.com/sqlserver/2004/07/adventure-works/StoreSurvey"><AnnualSales>300000</AnnualSales><AnnualRevenue>30000</AnnualRevenue><BankName>Guardian Bank</BankName><BusinessType>BM</BusinessType><YearOpened>1975</YearOpened><Specialty>Road</Specialty><SquareFeet>9000</SquareFeet><Brands>4+</Brands><Internet>DSL</Internet><NumberEmployees>8</NumberEmployees></StoreSurvey>;{9FA1609C-9A36-4282-BC80-A562332DEF1B};2014-09-12 11:15:07.497000000
388;Remarkable Bike Store;276;<StoreSurvey xmlns="http://schemas.microsoft.com/sqlserver/2004/07/adventure-works/StoreSurvey"><AnnualSales>800000</AnnualSales><AnnualRevenue>80000</AnnualRevenue><BankName>United Security</BankName><BusinessType>BS</BusinessType><YearOpened>1972</YearOpened><Specialty>Road</Specialty><SquareFeet>17000</SquareFeet><Brands>3</Brands><Internet>T2</Internet><NumberEmployees>10</NumberEmployees></StoreSurvey>;{F2DCD314-506D-47F1-8CD0-6017C40C96AB};2014-09-12 11:15:07.497000000
390;Road-Way Mart;283;<StoreSurvey xmlns="http://schemas.microsoft.com/sqlserver/2004/07/adventure-works/StoreSurvey"><AnnualSales>1000000</AnnualSales><AnnualRevenue>100000</AnnualRevenue><BankName>Reserve Security</BankName><BusinessType>BS</BusinessType><YearOpened>1998</YearOpened><Specialty>Mountain</Specialty><SquareFeet>26000</SquareFeet><Brands>3</Brands><Internet>DSL</Internet><NumberEmployees>27</NumberEmployees></StoreSurvey>;{B0A08902-2C39-4A50-86E5-86E98C7B2597};2014-09-12 11:15:07.497000000
392;Small Cycle Store;275;<StoreSurvey xmlns="http://schemas.microsoft.com/sqlserver/2004/07/adventure-works/StoreSurvey"><AnnualSales>1000000</AnnualSales><AnnualRevenue>100000</AnnualRevenue><BankName>United Security</BankName><BusinessType>BS</BusinessType><YearOpened>1971</YearOpened><Specialty>Road</Specialty><SquareFeet>25000</SquareFeet><Brands>3</Brands><Internet>T1</Internet><NumberEmployees>28</NumberEmployees></StoreSurvey>;{C1CDCF27-3FA6-4BF9-A5CA-BAEEFC8FB8E0};2014-09-12 11:15:07.497000000
394;Blue-Ribbon Bike Company;279;<StoreSurvey xmlns="http://schemas.microsoft.com/sqlserver/2004/07/adventure-works/StoreSurvey"><AnnualSales>300000</AnnualSales><AnnualRevenue>30000</AnnualRevenue><BankName>Primary International</BankName><BusinessType>BM</BusinessType><YearOpened>1970</YearOpened><Specialty>Touring</Specialty><SquareFeet>9000</SquareFeet><Brands>AW</Brands><Internet>T1</Internet><NumberEmployees>6</NumberEmployees></StoreSurvey>;{096B2C5D-14E5-4BDA-94E1-3E5C01D906C4};2014-09-12 11:15:07.497000000
396;Flawless Bike Shop;276;<StoreSurvey xmlns="http://schemas.microsoft.com/sqlserver/2004/07/adventure-works/StoreSurvey"><AnnualSales>300000</AnnualSales><AnnualRevenue>30000</AnnualRevenue><BankName>Reserve Security</BankName><BusinessType>BM</BusinessType><YearOpened>1978</YearOpened><Specialty>Road</Specialty><SquareFeet>10000</SquareFeet><Brands>3</Brands><Internet>T2</Internet><NumberEmployees>4</NumberEmployees></StoreSurvey>;{71AEA07E-95C4-4C44-A919-01B5008639D3};2014-09-12 11:15:07.497000000
398;Grand Bicycle Stores;277;<StoreSurvey xmlns="http://schemas.microsoft.com/sqlserver/2004/07/adventure-works/StoreSurvey"><AnnualSales>300000</AnnualSales><AnnualRevenue>30000</AnnualRevenue><BankName>United Security</BankName><BusinessType>BM</BusinessType><YearOpened>1973</YearOpened><Specialty>Mountain</Specialty><SquareFeet>10000</SquareFeet><Brands>AW</Brands><Internet>ISDN</Internet><NumberEmployees>2</NumberEmployees></StoreSurvey>;{6DEF5808-13CA-4784-9F4E-1A1FFB1905D9};2014-09-12 11:15:07.497000000
400;Exertion Activities Club;281;<StoreSurvey xmlns="http://schemas.microsoft.com/sqlserver/2004/07/adventure-works/StoreSurvey"><AnnualSales>1500000</AnnualSales><AnnualRevenue>150000</AnnualRevenue><BankName>Guardian Bank</BankName><BusinessType>BS</BusinessType><YearOpened>1984</YearOpened><Specialty>Touring</Specialty><SquareFeet>38000</SquareFeet><Brands>4+</Brands><Internet>T1</Internet><NumberEmployees>32</NumberEmployees></StoreSurvey>;{AC060B37-154B-4F3F-A06E-918B7EA75BB1};2014-09-12 11:15:07.497000000
402;Impromptu Trips;283;<StoreSurvey xmlns="http://schemas.microsoft.com/sqlserver/2004/07/adventure-works/StoreSurvey"><AnnualSales>1500000</AnnualSales><AnnualRevenue>150000</AnnualRevenue><BankName>Primary International</BankName><BusinessType>BS</BusinessType><YearOpened>1978</YearOpened><Specialty>Mountain</Specialty><SquareFeet>37000</SquareFeet><Brands>4+</Brands><Internet>ISDN</Internet><NumberEmployees>33</NumberEmployees></StoreSurvey>;{16255726-8647-401A-9DE9-AB524A839804};2014-09-12 11:15:07.497000000
404;Margie's Travel;275;<StoreSurvey xmlns="http://schemas.microsoft.com/sqlserver/2004/07/adventure-works/StoreSurvey"><AnnualSales>1500000</AnnualSales><AnnualRevenue>150000</AnnualRevenue><BankName>Reserve Security</BankName><BusinessType>BS</BusinessType><YearOpened>1972</YearOpened><Specialty>Mountain</Specialty><SquareFeet>35000</SquareFeet><Brands>2</Brands><Internet>T1</Internet><NumberEmployees>34</NumberEmployees></StoreSurvey>;{9D71FF30-1BC5-4F0B-BD7B-3618B58634E9};2014-09-12 11:15:07.497000000
406;Kickstand Sellers;275;<StoreSurvey xmlns="http://schemas.microsoft.com/sqlserver/2004/07/adventure-works/StoreSurvey"><AnnualSales>300000</AnnualSales><AnnualRevenue>30000</AnnualRevenue><BankName>International Bank</BankName><BusinessType>BM</BusinessType><YearOpened>1981</YearOpened><Specialty>Mountain</Specialty><SquareFeet>8000</SquareFeet><Brands>4+</Brands><Internet>T1</Internet><NumberEmployees>3</NumberEmployees></StoreSurvey>;{F6F76F14-09D5-4B11-BAD6-E3BFF76AC761};2014-09-12 11:15:07.497000000
408;Nearest Bike Store;286;<StoreSurvey xmlns="http://schemas.microsoft.com/sqlserver/2004/07/adventure-works/StoreSurvey"><AnnualSales>300000</AnnualSales><AnnualRevenue>30000</AnnualRevenue><BankName>Primary Bank &amp; Reserve</BankName><BusinessType>BM</BusinessType><YearOpened>1976</YearOpened><Specialty>Touring</Specialty><SquareFeet>8000</SquareFeet><Brands>4+</Brands><Internet>T1</Internet><NumberEmployees>4</NumberEmployees></StoreSurvey>;{AAC48EAD-3E12-4431-89C4-964406A7A94D};2014-09-12 11:15:07.497000000
410;Fast Bike Works;286;<StoreSurvey xmlns="http://schemas.microsoft.com/sqlserver/2004/07/adventure-works/StoreSurvey"><AnnualSales>1000000</AnnualSales><AnnualRevenue>100000</AnnualRevenue><BankName>Primary International</BankName><BusinessType>BS</BusinessType><YearOpened>1971</YearOpened><Specialty>Touring</Specialty><SquareFeet>25000</SquareFeet><Brands>4+</Brands><Internet>DSL</Internet><NumberEmployees>28</NumberEmployees></StoreSurvey>;{D09C875E-114A-4D24-A68B-AED21EE23494};2014-09-12 11:15:07.497000000
412;Gasless Cycle Shop;278;<StoreSurvey xmlns="http://schemas.microsoft.com/sqlserver/2004/07/adventure-works/StoreSurvey"><AnnualSales>1000000</AnnualSales><AnnualRevenue>100000</AnnualRevenue><BankName>Reserve Security</BankName><BusinessType>BS</BusinessType><YearOpened>2001</YearOpened><Specialty>Road</Specialty><SquareFeet>24000</SquareFeet><Brands>3</Brands><Internet>DSL</Internet><NumberEmployees>29</NumberEmployees></StoreSurvey>;{824B931B-5F27-407C-81AD-00FF7BC886F1};2014-09-12 11:15:07.497000000
414;Lubricant and Grease Suppliers;279;<StoreSurvey xmlns="http://schemas.microsoft.com/sqlserver/2004/07/adventure-works/StoreSurvey"><AnnualSales>1500000</AnnualSales><AnnualRevenue>150000</AnnualRevenue><BankName>United Security</BankName><BusinessType>BS</BusinessType><YearOpened>1996</YearOpened><Specialty>Mountain</Specialty><SquareFeet>37000</SquareFeet><Brands>4+</Brands><Internet>DSL</Internet><NumberEmployees>30</NumberEmployees></StoreSurvey>;{4047A571-C602-4433-956C-C6AF7366BF22};2014-09-12 11:15:07.497000000
416;Teen Discount Store;288;<StoreSurvey xmlns="http://schemas.microsoft.com/sqlserver/2004/07/adventure-works/StoreSurvey"><AnnualSales>800000</AnnualSales><AnnualRevenue>80000</AnnualRevenue><BankName>Reserve Security</BankName><BusinessType>BM</BusinessType><YearOpened>1994</YearOpened><Specialty>Mountain</Specialty><SquareFeet>18000</SquareFeet><Brands>3</Brands><Internet>DSL</Internet><NumberEmployees>16</NumberEmployees></StoreSurvey>;{A22C02A3-37C8-402A-932F-BC8DD75BEA87};2014-09-12 11:15:07.497000000
418;Transportation Options;282;<StoreSurvey xmlns="http://schemas.microsoft.com/sqlserver/2004/07/adventure-works/StoreSurvey"><AnnualSales>800000</AnnualSales><AnnualRevenue>80000</AnnualRevenue><BankName>United Security</BankName><BusinessType>BM</BusinessType><YearOpened>1987</YearOpened><Specialty>Mountain</Specialty><SquareFeet>20000</SquareFeet><Brands>3</Brands><Internet>DSL</Internet><NumberEmployees>17</NumberEmployees></StoreSurvey>;{7CBEA615-BECA-44C6-8C74-CB1541FAEFA6};2014-09-12 11:15:07.497000000
420;Capital Riding Supplies;288;<StoreSurvey xmlns="http://schemas.microsoft.com/sqlserver/2004/07/adventure-works/StoreSurvey"><AnnualSales>1500000</AnnualSales><AnnualRevenue>150000</AnnualRevenue><BankName>Primary Bank &amp; Reserve</BankName><BusinessType>OS</BusinessType><YearOpened>1986</YearOpened><Specialty>Mountain</Specialty><SquareFeet>39000</SquareFeet><Brands>2</Brands><Internet>DSL</Internet><NumberEmployees>46</NumberEmployees></StoreSurvey>;{7EA9A2A5-753C-4DF2-93F6-AB81F5A4C135};2014-09-12 11:15:07.497000000
422;Bike Boutique;275;<StoreSurvey xmlns="http://schemas.microsoft.com/sqlserver/2004/07/adventure-works/StoreSurvey"><AnnualSales>1500000</AnnualSales><AnnualRevenue>150000</AnnualRevenue><BankName>International Bank</BankName><BusinessType>OS</BusinessType><YearOpened>1992</YearOpened><Specialty>Road</Specialty><SquareFeet>41000</SquareFeet><Brands>4+</Brands><Internet>ISDN</Internet><NumberEmployees>49</NumberEmployees></StoreSurvey>;{81EDA8DB-5162-424F-BA36-6CB6770CD064};2014-09-12 11:15:07.497000000
424;Bikes Anyone?;275;<StoreSurvey xmlns="http://schemas.microsoft.com/sqlserver/2004/07/adventure-works/StoreSurvey"><AnnualSales>1000000</AnnualSales><AnnualRevenue>100000</AnnualRevenue><BankName>International Security</BankName><BusinessType>BS</BusinessType><YearOpened>1996</YearOpened><Specialty>Touring</Specialty><SquareFeet>27000</SquareFeet><Brands>3</Brands><Internet>DSL</Internet><NumberEmployees>22</NumberEmployees></StoreSurvey>;{6368F18B-AFCF-4008-9611-99458C02C985};2014-09-12 11:15:07.497000000
426;Cross-town Parts Shop;286;<StoreSurvey xmlns="http://schemas.microsoft.com/sqlserver/2004/07/adventure-works/StoreSurvey"><AnnualSales>800000</AnnualSales><AnnualRevenue>80000</AnnualRevenue><BankName>Guardian Bank</BankName><BusinessType>BS</BusinessType><YearOpened>1990</YearOpened><Specialty>Road</Specialty><SquareFeet>23000</SquareFeet><Brands>2</Brands><Internet>T1</Internet><NumberEmployees>19</NumberEmployees></StoreSurvey>;{DFED9777-D43C-497D-86D4-14407E43C535};2014-09-12 11:15:07.497000000
428;Finer Cycle Shop;278;<StoreSurvey xmlns="http://schemas.microsoft.com/sqlserver/2004/07/adventure-works/StoreSurvey"><AnnualSales>800000</AnnualSales><AnnualRevenue>80000</AnnualRevenue><BankName>Primary International</BankName><BusinessType>BS</BusinessType><YearOpened>1984</YearOpened><Specialty>Mountain</Specialty><SquareFeet>20000</SquareFeet><Brands>4+</Brands><Internet>ISDN</Internet><NumberEmployees>16</NumberEmployees></StoreSurvey>;{52B4D514-B45E-4BF6-821B-F972B738D732};2014-09-12 11:15:07.497000000
430;Center Cycle Shop;280;<StoreSurvey xmlns="http://schemas.microsoft.com/sqlserver/2004/07/adventure-works/StoreSurvey"><AnnualSales>1000000</AnnualSales><AnnualRevenue>100000</AnnualRevenue><BankName>Primary Bank &amp; Reserve</BankName><BusinessType>BM</BusinessType><YearOpened>2000</YearOpened><Specialty>Road</Specialty><SquareFeet>25000</SquareFeet><Brands>4+</Brands><Internet>T1</Internet><NumberEmployees>20</NumberEmployees></StoreSurvey>;{8E153F0C-275C-42CA-98DF-ADEFB90AB587};2014-09-12 11:15:07.497000000
432;Bulk Discount Store;289;<StoreSurvey xmlns="http://schemas.microsoft.com/sqlserver/2004/07/adventure-works/StoreSurvey"><AnnualSales>800000</AnnualSales><AnnualRevenue>80000</AnnualRevenue><BankName>International Security</BankName><BusinessType>BM</BusinessType><YearOpened>2000</YearOpened><Specialty>Road</Specialty><SquareFeet>21000</SquareFeet><Brands>3</Brands><Internet>DSL</Internet><NumberEmployees>17</NumberEmployees></StoreSurvey>;{E26B0754-871A-49AD-A21B-5E58D7E804ED};2014-09-12 11:15:07.497000000
434;Country Parts Shop;290;<StoreSurvey xmlns="http://schemas.microsoft.com/sqlserver/2004/07/adventure-works/StoreSurvey"><AnnualSales>800000</AnnualSales><AnnualRevenue>80000</AnnualRevenue><BankName>Guardian Bank</BankName><BusinessType>BM</BusinessType><YearOpened>1994</YearOpened><Specialty>Road</Specialty><SquareFeet>21000</SquareFeet><Brands>4+</Brands><Internet>DSL</Internet><NumberEmployees>14</NumberEmployees></StoreSurvey>;{9B88E8ED-C244-484D-8C4F-89F59570EBEA};2014-09-12 11:15:07.497000000
436;Second Bike Shop;286;<StoreSurvey xmlns="http://schemas.microsoft.com/sqlserver/2004/07/adventure-works/StoreSurvey"><AnnualSales>800000</AnnualSales><AnnualRevenue>80000</AnnualRevenue><BankName>Guardian Bank</BankName><BusinessType>BM</BusinessType><YearOpened>2000</YearOpened><Specialty>Road</Specialty><SquareFeet>21000</SquareFeet><Brands>4+</Brands><Internet>T1</Internet><NumberEmployees>19</NumberEmployees></StoreSurvey>;{20838797-EC33-4328-BDC0-99190729BE4A};2014-09-12 11:15:07.497000000
438;First-Rate Outlet;278;<StoreSurvey xmlns="http://schemas.microsoft.com/sqlserver/2004/07/adventure-works/StoreSurvey"><AnnualSales>1000000</AnnualSales><AnnualRevenue>100000</AnnualRevenue><BankName>Primary International</BankName><BusinessType>BM</BusinessType><YearOpened>2000</YearOpened><Specialty>Road</Specialty><SquareFeet>26000</SquareFeet><Brands>3</Brands><Internet>T1</Internet><NumberEmployees>20</NumberEmployees></StoreSurvey>;{7642E78C-F447-4F9D-B8CB-E6BB467DB663};2014-09-12 11:15:07.497000000
440;Juvenile Sports Equipment;279;<StoreSurvey xmlns="http://schemas.microsoft.com/sqlserver/2004/07/adventure-works/StoreSurvey"><AnnualSales>800000</AnnualSales><AnnualRevenue>80000</AnnualRevenue><BankName>Reserve Security</BankName><BusinessType>BM</BusinessType><YearOpened>1994</YearOpened><Specialty>Mountain</Specialty><SquareFeet>20000</SquareFeet><Brands>2</Brands><Internet>DSL</Internet><NumberEmployees>18</NumberEmployees></StoreSurvey>;{74B38BF4-113C-42EC-8E72-7E4B35E5BC55};2014-09-12 11:15:07.497000000
442;Another Bicycle Company;283;<StoreSurvey xmlns="http://schemas.microsoft.com/sqlserver/2004/07/adventure-works/StoreSurvey"><AnnualSales>300000</AnnualSales><AnnualRevenue>30000</AnnualRevenue><BankName>Reserve Security</BankName><BusinessType>BM</BusinessType><YearOpened>1973</YearOpened><Specialty>Touring</Specialty><SquareFeet>6000</SquareFeet><Brands>AW</Brands><Internet>DSL</Internet><NumberEmployees>2</NumberEmployees></StoreSurvey>;{4280C0D5-6765-4ADD-A679-F341D27C0ECF};2014-09-12 11:15:07.497000000
444;Fourth Bike Store;275;<StoreSurvey xmlns="http://schemas.microsoft.com/sqlserver/2004/07/adventure-works/StoreSurvey"><AnnualSales>300000</AnnualSales><AnnualRevenue>30000</AnnualRevenue><BankName>United Security</BankName><BusinessType>BM</BusinessType><YearOpened>1981</YearOpened><Specialty>Touring</Specialty><SquareFeet>9000</SquareFeet><Brands>AW</Brands><Internet>T1</Internet><NumberEmployees>3</NumberEmployees></StoreSurvey>;{E8623C2D-CCBF-497A-8147-6574ABE11B19};2014-09-12 11:15:07.497000000
446;Rodeway Bike Store;288;<StoreSurvey xmlns="http://schemas.microsoft.com/sqlserver/2004/07/adventure-works/StoreSurvey"><AnnualSales>300000</AnnualSales><AnnualRevenue>30000</AnnualRevenue><BankName>International Bank</BankName><BusinessType>BM</BusinessType><YearOpened>1976</YearOpened><Specialty>Mountain</Specialty><SquareFeet>7000</SquareFeet><Brands>4+</Brands><Internet>DSL</Internet><NumberEmployees>4</NumberEmployees></StoreSurvey>;{4F971590-8C1F-4B22-808E-5917B6FAB7EC};2014-09-12 11:15:07.497000000
448;Traction Tire Company;276;<StoreSurvey xmlns="http://schemas.microsoft.com/sqlserver/2004/07/adventure-works/StoreSurvey"><AnnualSales>1500000</AnnualSales><AnnualRevenue>150000</AnnualRevenue><BankName>International Bank</BankName><BusinessType>BS</BusinessType><YearOpened>1990</YearOpened><Specialty>Mountain</Specialty><SquareFeet>39000</SquareFeet><Brands>2</Brands><Internet>DSL</Internet><NumberEmployees>31</NumberEmployees></StoreSurvey>;{6324FAD5-6BC4-4715-85BC-A86C49E527F8};2014-09-12 11:15:07.497000000
450;Unsurpassed Bikes;277;<StoreSurvey xmlns="http://schemas.microsoft.com/sqlserver/2004/07/adventure-works/StoreSurvey"><AnnualSales>1500000</AnnualSales><AnnualRevenue>150000</AnnualRevenue><BankName>Primary Bank &amp; Reserve</BankName><BusinessType>BS</BusinessType><YearOpened>1984</YearOpened><Specialty>Touring</Specialty><SquareFeet>39000</SquareFeet><Brands>3</Brands><Internet>DSL</Internet><NumberEmployees>32</NumberEmployees></StoreSurvey>;{9BC34C8E-3856-4197-8013-F5E6C7AEDB48};2014-09-12 11:15:07.497000000
452;Field Trip Inc;275;<StoreSurvey xmlns="http://schemas.microsoft.com/sqlserver/2004/07/adventure-works/StoreSurvey"><AnnualSales>1500000</AnnualSales><AnnualRevenue>150000</AnnualRevenue><BankName>International Security</BankName><BusinessType>BS</BusinessType><YearOpened>1978</YearOpened><Specialty>Road</Specialty><SquareFeet>35000</SquareFeet><Brands>4+</Brands><Internet>DSL</Internet><NumberEmployees>33</NumberEmployees></StoreSurvey>;{5276B793-128A-49F0-B822-D338C6B92FDC};2014-09-12 11:15:07.497000000
454;Tire Company;275;<StoreSurvey xmlns="http://schemas.microsoft.com/sqlserver/2004/07/adventure-works/StoreSurvey"><AnnualSales>1500000</AnnualSales><AnnualRevenue>150000</AnnualRevenue><BankName>International Bank</BankName><BusinessType>BS</BusinessType><YearOpened>1983</YearOpened><Specialty>Road</Specialty><SquareFeet>37000</SquareFeet><Brands>2</Brands><Internet>DSL</Internet><NumberEmployees>45</NumberEmployees></StoreSurvey>;{F875272B-6629-4832-9E45-F3E8E6DD8963};2014-09-12 11:15:07.497000000
456;Uncompromising Quality Co;286;<StoreSurvey xmlns="http://schemas.microsoft.com/sqlserver/2004/07/adventure-works/StoreSurvey"><AnnualSales>1500000</AnnualSales><AnnualRevenue>150000</AnnualRevenue><BankName>Primary Bank &amp; Reserve</BankName><BusinessType>BS</BusinessType><YearOpened>1991</YearOpened><Specialty>Touring</Specialty><SquareFeet>39000</SquareFeet><Brands>4+</Brands><Internet>DSL</Internet><NumberEmployees>46</NumberEmployees></StoreSurvey>;{058F1615-0267-4B7C-8E53-96101059CADE};2014-09-12 11:15:07.497000000
458;Metallic Paint and Overcoat Co;281;<StoreSurvey xmlns="http://schemas.microsoft.com/sqlserver/2004/07/adventure-works/StoreSurvey"><AnnualSales>1000000</AnnualSales><AnnualRevenue>100000</AnnualRevenue><BankName>Primary Bank &amp; Reserve</BankName><BusinessType>BS</BusinessType><YearOpened>1971</YearOpened><Specialty>Road</Specialty><SquareFeet>26000</SquareFeet><Brands>3</Brands><Internet>DSL</Internet><NumberEmployees>28</NumberEmployees></StoreSurvey>;{E06866F7-C659-4952-A1EC-D2B42F80613A};2014-09-12 11:15:07.497000000
460;Pro Sporting Goods;276;<StoreSurvey xmlns="http://schemas.microsoft.com/sqlserver/2004/07/adventure-works/StoreSurvey"><AnnualSales>3000000</AnnualSales><AnnualRevenue>300000</AnnualRevenue><BankName>Primary International</BankName><BusinessType>OS</BusinessType><YearOpened>1972</YearOpened><Specialty>Mountain</Specialty><SquareFeet>79000</SquareFeet><Brands>4+</Brands><Internet>DSL</Internet><NumberEmployees>90</NumberEmployees></StoreSurvey>;{5A1EE7A6-2FD6-45C8-9B0D-41991049CDEA};2014-09-12 11:15:07.497000000
462;Sporting Goods and Bicycle Shop;279;<StoreSurvey xmlns="http://schemas.microsoft.com/sqlserver/2004/07/adventure-works/StoreSurvey"><AnnualSales>3000000</AnnualSales><AnnualRevenue>300000</AnnualRevenue><BankName>Guardian Bank</BankName><BusinessType>OS</BusinessType><YearOpened>1977</YearOpened><Specialty>Road</Specialty><SquareFeet>78000</SquareFeet><Brands>3</Brands><Internet>DSL</Internet><NumberEmployees>91</NumberEmployees></StoreSurvey>;{93D4A3A7-D111-4113-859E-5B253DD9D943};2014-09-12 11:15:07.497000000
464;Odometers and Accessories Company;278;<StoreSurvey xmlns="http://schemas.microsoft.com/sqlserver/2004/07/adventure-works/StoreSurvey"><AnnualSales>3000000</AnnualSales><AnnualRevenue>300000</AnnualRevenue><BankName>International Security</BankName><BusinessType>OS</BusinessType><YearOpened>1987</YearOpened><Specialty>Touring</Specialty><SquareFeet>76000</SquareFeet><Brands>4+</Brands><Internet>DSL</Internet><NumberEmployees>92</NumberEmployees></StoreSurvey>;{47E77224-11E5-4AB9-BC23-CD122F9C281D};2014-09-12 11:15:07.497000000
466;Scratch-Resistant Finishes Company;282;<StoreSurvey xmlns="http://schemas.microsoft.com/sqlserver/2004/07/adventure-works/StoreSurvey"><AnnualSales>800000</AnnualSales><AnnualRevenue>80000</AnnualRevenue><BankName>Guardian Bank</BankName><BusinessType>BS</BusinessType><YearOpened>1984</YearOpened><Specialty>Mountain</Specialty><SquareFeet>21000</SquareFeet><Brands>4+</Brands><Internet>DSL</Internet><NumberEmployees>16</NumberEmployees></StoreSurvey>;{5F85023B-D708-4D44-B1A2-927A21C4CBBB};2014-09-12 11:15:07.497000000
468;Topnotch Bikes;279;<StoreSurvey xmlns="http://schemas.microsoft.com/sqlserver/2004/07/adventure-works/StoreSurvey"><AnnualSales>800000</AnnualSales><AnnualRevenue>80000</AnnualRevenue><BankName>Primary International</BankName><BusinessType>BS</BusinessType><YearOpened>1978</YearOpened><Specialty>Mountain</Specialty><SquareFeet>22000</SquareFeet><Brands>2</Brands><Internet>T3</Internet><NumberEmployees>13</NumberEmployees></StoreSurvey>;{69A76A96-12FC-4B67-9655-C578E6B02933};2014-09-12 11:15:07.497000000
470;Unicycles, Bicycles, and Tricycles;281;<StoreSurvey xmlns="http://schemas.microsoft.com/sqlserver/2004/07/adventure-works/StoreSurvey"><AnnualSales>800000</AnnualSales><AnnualRevenue>80000</AnnualRevenue><BankName>Reserve Security</BankName><BusinessType>BS</BusinessType><YearOpened>1972</YearOpened><Specialty>Touring</Specialty><SquareFeet>17000</SquareFeet><Brands>4+</Brands><Internet>T1</Internet><NumberEmployees>10</NumberEmployees></StoreSurvey>;{58F17106-C637-44CE-B352-164E1AD7C41D};2014-09-12 11:15:07.497000000
472;Safe Cycles Shop;283;<StoreSurvey xmlns="http://schemas.microsoft.com/sqlserver/2004/07/adventure-works/StoreSurvey"><AnnualSales>3000000</AnnualSales><AnnualRevenue>300000</AnnualRevenue><BankName>International Security</BankName><BusinessType>OS</BusinessType><YearOpened>1998</YearOpened><Specialty>Mountain</Specialty><SquareFeet>72000</SquareFeet><Brands>4+</Brands><Internet>DSL</Internet><NumberEmployees>73</NumberEmployees></StoreSurvey>;{828D8F6D-95C6-4FDC-9888-45672FEC0E11};2014-09-12 11:15:07.497000000
474;Number 1 Supply;281;<StoreSurvey xmlns="http://schemas.microsoft.com/sqlserver/2004/07/adventure-works/StoreSurvey"><AnnualSales>3000000</AnnualSales><AnnualRevenue>300000</AnnualRevenue><BankName>Primary Bank &amp; Reserve</BankName><BusinessType>OS</BusinessType><YearOpened>1990</YearOpened><Specialty>Road</Specialty><SquareFeet>75000</SquareFeet><Brands>4+</Brands><Internet>ISDN</Internet><NumberEmployees>76</NumberEmployees></StoreSurvey>;{A4D7720A-57DD-4084-BFC6-B49CD3367FFE};2014-09-12 11:15:07.497000000
476;Industrial Supplies;279;<StoreSurvey xmlns="http://schemas.microsoft.com/sqlserver/2004/07/adventure-works/StoreSurvey"><AnnualSales>3000000</AnnualSales><AnnualRevenue>300000</AnnualRevenue><BankName>International Bank</BankName><BusinessType>OS</BusinessType><YearOpened>1995</YearOpened><Specialty>Touring</Specialty><SquareFeet>73000</SquareFeet><Brands>3</Brands><Internet>DSL</Internet><NumberEmployees>79</NumberEmployees></StoreSurvey>;{706A4161-4E67-41E1-A31B-2BE9FBF864F3};2014-09-12 11:15:07.497000000
478;Golf and Cycle Store;281;<StoreSurvey xmlns="http://schemas.microsoft.com/sqlserver/2004/07/adventure-works/StoreSurvey"><AnnualSales>3000000</AnnualSales><AnnualRevenue>300000</AnnualRevenue><BankName>Guardian Bank</BankName><BusinessType>OS</BusinessType><YearOpened>1978</YearOpened><Specialty>Mountain</Specialty><SquareFeet>75000</SquareFeet><Brands>2</Brands><Internet>DSL</Internet><NumberEmployees>86</NumberEmployees></StoreSurvey>;{68C1F86E-F581-4AEA-AFA4-B0C03EAF1F13};2014-09-12 11:15:07.497000000
480;Front Runner Bikes;279;<StoreSurvey xmlns="http://schemas.microsoft.com/sqlserver/2004/07/adventure-works/StoreSurvey"><AnnualSales>3000000</AnnualSales><AnnualRevenue>300000</AnnualRevenue><BankName>International Security</BankName><BusinessType>OS</BusinessType><YearOpened>1983</YearOpened><Specialty>Touring</Specialty><SquareFeet>77000</SquareFeet><Brands>4+</Brands><Internet>DSL</Internet><NumberEmployees>87</NumberEmployees></StoreSurvey>;{0E549387-9DC1-4F37-89AF-34FAAEB7CFAF};2014-09-12 11:15:07.497000000
482;Favorite Toy Distributor;290;<StoreSurvey xmlns="http://schemas.microsoft.com/sqlserver/2004/07/adventure-works/StoreSurvey"><AnnualSales>3000000</AnnualSales><AnnualRevenue>300000</AnnualRevenue><BankName>Primary Bank &amp; Reserve</BankName><BusinessType>OS</BusinessType><YearOpened>1975</YearOpened><Specialty>Touring</Specialty><SquareFeet>77000</SquareFeet><Brands>4+</Brands><Internet>DSL</Internet><NumberEmployees>88</NumberEmployees></StoreSurvey>;{D4352E50-AA19-434C-A515-694E42B3C4BF};2014-09-12 11:15:07.497000000
484;World Bike Discount Store;276;<StoreSurvey xmlns="http://schemas.microsoft.com/sqlserver/2004/07/adventure-works/StoreSurvey"><AnnualSales>1500000</AnnualSales><AnnualRevenue>150000</AnnualRevenue><BankName>Guardian Bank</BankName><BusinessType>BS</BusinessType><YearOpened>1979</YearOpened><Specialty>Road</Specialty><SquareFeet>39000</SquareFeet><Brands>4+</Brands><Internet>DSL</Internet><NumberEmployees>38</NumberEmployees></StoreSurvey>;{E73E6B44-3824-4C98-A7B1-796F1F1E0DE8};2014-09-12 11:15:07.497000000
486;Global Sporting Goods;277;<StoreSurvey xmlns="http://schemas.microsoft.com/sqlserver/2004/07/adventure-works/StoreSurvey"><AnnualSales>1500000</AnnualSales><AnnualRevenue>150000</AnnualRevenue><BankName>Primary International</BankName><BusinessType>BS</BusinessType><YearOpened>1974</YearOpened><Specialty>Road</Specialty><SquareFeet>36000</SquareFeet><Brands>3</Brands><Internet>DSL</Internet><NumberEmployees>39</NumberEmployees></StoreSurvey>;{DF54DEB4-58D4-4D01-9288-3F4A14F346B5};2014-09-12 11:15:07.497000000
488;Historic Bicycle Sales;275;<StoreSurvey xmlns="http://schemas.microsoft.com/sqlserver/2004/07/adventure-works/StoreSurvey"><AnnualSales>1500000</AnnualSales><AnnualRevenue>150000</AnnualRevenue><BankName>Reserve Security</BankName><BusinessType>BS</BusinessType><YearOpened>1982</YearOpened><Specialty>Mountain</Specialty><SquareFeet>38000</SquareFeet><Brands>2</Brands><Internet>T1</Internet><NumberEmployees>40</NumberEmployees></StoreSurvey>;{EF4DE775-B406-45C4-A6DD-9B0B4815FDBF};2014-09-12 11:15:07.497000000
490;Commuter Bicycle Store;282;<StoreSurvey xmlns="http://schemas.microsoft.com/sqlserver/2004/07/adventure-works/StoreSurvey"><AnnualSales>800000</AnnualSales><AnnualRevenue>80000</AnnualRevenue><BankName>Reserve Security</BankName><BusinessType>BM</BusinessType><YearOpened>1987</YearOpened><Specialty>Touring</Specialty><SquareFeet>22000</SquareFeet><Brands>4+</Brands><Internet>T1</Internet><NumberEmployees>17</NumberEmployees></StoreSurvey>;{326D145A-2C37-4F02-AA83-350132148316};2014-09-12 11:15:07.497000000
